method,lambda,auc,acc,f1,dp_gap,eo_gap,eopp_gap,ev,mmd_alpha,linsep_alpha,nonlinsep_alpha,dp_alpha,auc_sd,acc_sd,f1_sd,dp_gap_sd,eo_gap_sd,eopp_gap_sd,ev_sd,mmd_alpha_sd,linsep_alpha_sd,nonlinsep_alpha_sd,dp_alpha_sd
Raw,,0.9053643314089561,0.85568,0.5615925006323471,0.10782337338118268,0.1413011844331641,0.11633333333333332,,,,,,0.012749399549140367,0.011426285485668566,0.024951325880724663,0.046996221351962686,0.08248853472487526,0.09240485597308948,0.0,0.0,0.0,0.0,0.0
AA,,0.6922335777812451,0.6344,0.2836211262892787,0.05678264939928223,0.15919543147208118,0.1503333333333333,0.14500799659515903,0.07446479051112416,0.49996992481203006,0.5192410437859354,0.06449881553616059,0.027959223681542977,0.03205204101665501,0.025759458437354818,0.047140884457980176,0.10830007263073477,0.1162562224539369,0.009479371326783292,0.05095611764777356,0.00015037593984962665,0.01764947181218528,0.02792059633773692
FairAA,0.0,0.6922647838976439,0.6344,0.2836211262892787,0.05678264939928223,0.15919543147208118,0.1503333333333333,0.14500791663687843,0.0744668785343814,0.49996992481203006,0.5193011941618753,0.0644995545118265,0.027968444419683745,0.03205204101665501,0.025759458437354818,0.047140884457980176,0.10830007263073477,0.1162562224539369,0.00947949576078604,0.050959582725187164,0.00015037593984962665,0.017764154997630052,0.02792131703856677
FairAA,0.03,0.6922218754875956,0.6344,0.2833512049972823,0.056601653924169104,0.15901607445008456,0.1508333333333333,0.1450134028260318,0.07417559413633797,0.49996992481203006,0.5185758513931888,0.0643077063993497,0.027975823127877414,0.03165964834506749,0.025460209417138918,0.04682128772207026,0.1082888240376083,0.11562656405348565,0.009481115059936769,0.05076100203815239,0.00015037593984962665,0.01927635419541903,0.02783929031324901
FairAA,0.1,0.6923232953658918,0.634,0.2833464239315383,0.055369012326415945,0.1586878172588832,0.1503333333333333,0.14501656796693926,0.07179876363237522,0.49996992481203006,0.518515701017249,0.06306589302151296,0.027924851510973427,0.03148015247739442,0.025301122654947366,0.04419299703391464,0.10866252372891641,0.1162562224539369,0.009478657091314386,0.04886643152336331,0.00015037593984962665,0.020657556259857504,0.027306070639902834
FairAA,0.3,0.6924964893119051,0.63408,0.28360728006840313,0.05108441254485875,0.16226057529610824,0.1543333333333333,0.14500216607392447,0.05605795994108505,0.5,0.5128792569659443,0.054241580799660294,0.027608228160270233,0.030938002521171293,0.02515540913092256,0.039242279454534394,0.10751593541935184,0.11542293404563803,0.009466140771520953,0.03612079918224975,0.0,0.020239794367473474,0.023280470879463444
FairAA,1.0,0.6926306756124201,0.63288,0.2839957838998547,0.040889374317366146,0.15471912013536376,0.1478333333333333,0.14471006861586555,0.020698354940828743,0.5,0.5123626713843432,0.022849677662295467,0.027508729278359356,0.029229437216614352,0.02617644555793686,0.025247393522050573,0.07603575546090491,0.08390532859518916,0.009338532063701985,0.010013556806426764,0.0,0.017924714627623232,0.009634228554482337
FairAA,3.0,0.6895038227492588,0.63616,0.2829518196705201,0.030076454985177047,0.14904906937394244,0.1421666666666666,0.1438145952480068,0.013509662408170935,0.5,0.5502096417514374,0.0057468502217147,0.028694789615127468,0.033901425732064276,0.025864655392778404,0.020307031077894482,0.07625716146820248,0.08430269535693652,0.00915382217064399,0.005762311328414723,0.0,0.03951162188456568,0.0026933770944770645
FairAA,10.0,0.6506085192697769,0.58512,0.2573784000469933,0.06834763613668275,0.14143062605752957,0.1188333333333333,0.047241662434699155,0.04345794509904184,0.5,0.5193365767359576,0.0416433350720437,0.03699896766419105,0.11156624340124868,0.03032684654239385,0.05459114491975354,0.07944441635226458,0.09258629608220766,0.10132061400427494,0.0282880437910423,0.0,0.04124607160318587,0.023796450962393915
FairAA,30.0,0.6455297238258698,0.58144,0.25244644435023617,0.0745202059603682,0.1482639593908629,0.12566666666666665,0.00876310342268484,0.04442437835352964,0.5,0.5082388323750553,0.04363000493344524,0.03463149600754781,0.11248188002222104,0.02676027261663153,0.05233894352055668,0.08360764649751444,0.09784039582685443,0.14980453485278683,0.02728905420107392,0.0,0.016900294504917136,0.02110683233035603
FairAA,100.0,0.6455297238258698,0.58144,0.25244644435023617,0.0745202059603682,0.1482639593908629,0.12566666666666665,0.00876310342268484,0.04442437835352964,0.5,0.5082388323750553,0.04363000493344524,0.03463149600754781,0.11248188002222104,0.02676027261663153,0.05233894352055668,0.08360764649751444,0.09784039582685443,0.14980453485278683,0.02728905420107392,0.0,0.016900294504917136,0.02110683233035603
FairAA_3Moment,0.0,0.6922491808394446,0.6344,0.2836211262892787,0.05678264939928223,0.15919543147208118,0.1503333333333333,0.14500791820066886,0.07446688018529772,0.49996992481203006,0.5193011941618753,0.06449955746333971,0.027952971257094787,0.03205204101665501,0.025759458437354818,0.047140884457980176,0.10830007263073477,0.1162562224539369,0.0094794957509887,0.05095958226766711,0.00015037593984962665,0.017764154997630052,0.027921317299521662
FairAA_3Moment,0.03,0.6925511000156032,0.63488,0.2842562055995892,0.04898112029957868,0.16049238578680197,0.15349999999999994,0.14496439081121648,0.05283350188152546,0.5,0.5148872180451128,0.0523901866136731,0.027711164311239173,0.03143819333231478,0.02504080187231021,0.037756074031587046,0.10813010816601952,0.11506011914872381,0.009473103454872615,0.03426109061141866,0.0,0.023121218188932452,0.022350682342193902
FairAA_3Moment,0.1,0.6927274145732564,0.63264,0.28400825390098605,0.04466843501326256,0.16008375634517763,0.15616666666666662,0.1447737338412752,0.033347917222656315,0.5,0.5083803626713843,0.03885953339713824,0.027540682361279108,0.03128215678838874,0.024709892109733504,0.03394121771177859,0.09435901636026202,0.09861688167779314,0.009470526812101983,0.01954102299057588,0.0,0.014753674920960002,0.016051964240174528
FairAA_3Moment,0.3,0.6923958495865189,0.6312,0.28382412404988566,0.03560617881104691,0.1543832487309644,0.15366666666666662,0.14440478128022072,0.018188643906563173,0.5,0.5120902255639098,0.02367393912270261,0.027300022094987324,0.030402850743529584,0.025081188443188445,0.028758407036039036,0.08559522054619985,0.08628723028995143,0.009368226254746984,0.009612285458610426,0.0,0.021358336572808785,0.00961276012051842
FairAA_3Moment,1.0,0.6914682477765642,0.62952,0.2837917142352696,0.030965829302543244,0.16301015228426394,0.16283333333333327,0.14387999669938462,0.009243277231820004,0.5,0.5189933657673595,0.010916291005957389,0.027178590694120635,0.030095846889562718,0.025419361235793258,0.024072678803430968,0.07471101924427781,0.07492202736969407,0.009231490215731896,0.004196288625773105,0.0,0.022913027343012152,0.004451697819844264
FairAA_3Moment,3.0,0.6865369012326415,0.65944,0.2888332458657703,0.029218286784209648,0.16555752961082906,0.16349999999999995,0.14347651156107624,0.00615211504827338,0.5,0.5234940291906236,0.004677813010382924,0.025175060730983936,0.03392894536134795,0.02534382082540343,0.01990675890254728,0.07942854825148991,0.08252454741424474,0.009186133078123257,0.0026972845251101276,0.0,0.022793925674188604,0.0023375151723692236
FairAA_3Moment,10.0,0.66447495709159,0.60472,0.27054763987788666,0.05840848806366042,0.1537868020304568,0.13749999999999996,0.08902608970385913,0.04679154547170303,0.5,0.5181919504643963,0.04279550646878953,0.02844791257553317,0.059545164931056056,0.02230778186262375,0.041442477952229446,0.09176545598967607,0.10003616244287014,0.05355728204590278,0.04534781956947046,0.0,0.025399838075281463,0.0333474390112776
FairAA_3Moment,30.0,0.657684506163208,0.5820799999999999,0.2642683178623348,0.06327976283351532,0.1472935702199661,0.13083333333333327,-0.09396124847826424,0.05658732422290532,0.5,0.5066306943830163,0.054914659060737676,0.028618590232434342,0.03873189899811267,0.020859775754331348,0.04279818606305962,0.06729860411558476,0.07589169000036244,0.3904982527646458,0.041527556603643816,0.0,0.01566383043767945,0.0276882868812266
FairAA_3Moment,100.0,0.657684506163208,0.5820799999999999,0.2642683178623348,0.06327976283351532,0.1472935702199661,0.13083333333333327,-0.09396124847826424,0.05658732422290532,0.5,0.5066306943830163,0.054914659060737676,0.028618590232434342,0.03873189899811267,0.020859775754331348,0.04279818606305962,0.06729860411558476,0.07589169000036244,0.3904982527646458,0.041527556603643816,0.0,0.01566383043767945,0.0276882868812266
FairAA_Adv,0.0,0.6922647838976439,0.6344,0.2836211262892787,0.05678264939928223,0.15919543147208118,0.1503333333333333,0.14500791663687843,0.0744668785343814,0.49996992481203006,0.5193011941618753,0.0644995545118265,0.027968444419683745,0.03205204101665501,0.025759458437354818,0.047140884457980176,0.10830007263073477,0.1162562224539369,0.00947949576078604,0.050959582725187164,0.00015037593984962665,0.017764154997630052,0.02792131703856677
FairAA_Adv,0.03,0.6921547823373381,0.6344,0.28356815084503073,0.056601653924169104,0.15818274111675124,0.14999999999999997,0.14500930674219234,0.0734148295214482,0.49996992481203006,0.5185705440070765,0.06392113924870073,0.02800164952864075,0.03161750569963843,0.0257523924159544,0.04686650305229648,0.10840779323136461,0.1156766025991812,0.009485548386725162,0.05014588669175837,0.00015037593984962665,0.019928510952525746,0.027685345880775605
FairAA_Adv,0.1,0.6922218754875956,0.63448,0.28384169756650796,0.055911998751755315,0.15795600676818947,0.14949999999999997,0.14501581251102713,0.07138100314219843,0.5,0.5183299425033171,0.0628535760541522,0.027945632456048725,0.03145515326089934,0.02574315863812265,0.044463102290992165,0.1087215794329578,0.11630225826602758,0.009478475697576002,0.04867355956021684,0.0,0.019443307820581884,0.027274779306494423
FairAA_Adv,0.3,0.6922679045092838,0.63408,0.2838536935690005,0.053119051334061446,0.16102115059221656,0.15349999999999997,0.14501655840831343,0.0664362690560688,0.5,0.516953560371517,0.06015795036236236,0.027870237891353455,0.03154087295346576,0.025157499750109488,0.041598652013257,0.1090330977079381,0.11624850656149428,0.009475398906652124,0.04528542576011003,0.0,0.019828048614716973,0.026276174803233007
FairAA_Adv,1.0,0.69237010454049,0.6341600000000001,0.28409305033693905,0.05224840068653453,0.16061505922165817,0.15266666666666662,0.1449855433867788,0.05430588238071712,0.5,0.5126598850066342,0.052971316140385305,0.02776024273403396,0.03127256518633121,0.02571370738242987,0.03990500259221778,0.1076395921146332,0.11513051169095977,0.009462080000593545,0.036031584075687156,0.0,0.02222088067505297,0.0233294710959026
FairAA_Adv,3.0,0.6926064908722109,0.63336,0.28348163824721284,0.04253705726322354,0.14368274111675125,0.1358333333333333,0.1448325800527182,0.035601698130519506,0.5,0.5120141530296329,0.03918940487237955,0.027361907605641556,0.030728488410593866,0.024787670400857813,0.02885368300072341,0.08558643475626554,0.09362646181423205,0.009423977665260737,0.02133878760943784,0.0,0.019645747770534766,0.017258985155466804
FairAA_Adv,10.0,0.6922944297082227,0.63376,0.2844560881970818,0.042452800748946744,0.15566835871404394,0.14749999999999994,0.14438021080654698,0.01926145933341869,0.5,0.5195541795665634,0.019978398615136176,0.027435190953191947,0.033398203544502215,0.025976411889191517,0.02824860755445354,0.07908527161061273,0.08851102410936668,0.009374983941296749,0.010554430040718009,0.0,0.01960291666991211,0.010085409796989093
FairAA_Adv,30.0,0.6760508659697301,0.58672,0.2711347929011701,0.041154626306756065,0.1493654822335025,0.13566666666666663,0.1441550508126168,0.014064798777938013,0.5,0.5330207872622733,0.007601341006895908,0.035321087397300624,0.07343450596733575,0.02831256614841706,0.025624471587231426,0.09880003975182668,0.11133709657645144,0.009145090750088911,0.006395916847744513,0.0,0.030676050022357126,0.004384919653710646
FairAA_Adv,100.0,0.5917475425183336,0.5552,0.23487308431269466,0.5643813387423935,0.6066362098138748,0.5285,0.012778662321438363,2.666675588822306,0.839187969924812,0.9239946926138878,0.319510678522023,0.07325665313102946,0.20964732290205854,0.03400587181186105,0.3767103965364883,0.3486494468816008,0.3379662417395494,0.05717581462630162,1.3045135147831706,0.2040750694327895,0.14306609794842887,0.13099840328179108
FairPCA_AA,0.0,0.6925019503822749,0.6396000000000001,0.2889207704478599,0.05448275862068961,0.19908967851099826,0.19349999999999995,0.14756421295828842,0.036920486106245334,0.5,0.5126864219371959,0.03896961010796019,0.03011084494964726,0.03297979179234864,0.02778095688806278,0.04315538528883813,0.10322274633222316,0.10820692411267371,0.006817925252728404,0.020657876975526047,0.0,0.019542486564166288,0.015510261439570357
FairPCA_AA,0.03,0.6924980496177251,0.63952,0.2888767115190426,0.05439226088313305,0.19908967851099826,0.19349999999999995,0.13358654204067857,0.03692053004738599,0.5,0.5136576735957541,0.03896828417541178,0.03011725082126107,0.0330266559009537,0.027767823040189595,0.04299853535410659,0.10322274633222316,0.10820692411267371,0.009415423207907872,0.02065862723880917,0.0,0.019532346322918084,0.01551192051821444
FairPCA_AA,0.1,0.6925027305351849,0.6396000000000001,0.2889207704478599,0.05448275862068961,0.19908967851099826,0.19349999999999995,0.13267584284430195,0.036920594382433836,0.5,0.5134825298540469,0.03896946494251956,0.030097176057046295,0.03297979179234864,0.02778095688806278,0.04315538528883813,0.10322274633222316,0.10820692411267371,0.009397600145726706,0.020656966937505416,0.0,0.01985492193566329,0.015510394664668085
FairPCA_AA,0.3,0.692473084724606,0.63952,0.28887371588266214,0.05457325635824617,0.19908967851099826,0.19349999999999995,0.13192688370612313,0.03692270774527831,0.5,0.5129517912428129,0.038969505257082475,0.03010674392478842,0.03297615299980679,0.02775621590397232,0.04321270254760344,0.10322274633222316,0.10820692411267371,0.009717858753232566,0.020664936856529467,0.0,0.01972218861853011,0.015514667320128132
FairPCA_AA,1.0,0.6917155562490248,0.64168,0.2897159268862188,0.054245592136058625,0.18462267343485614,0.1778333333333333,0.13298766882374216,0.03720743907934275,0.5,0.5134878372401592,0.039561466891452124,0.03034145191064651,0.03442712109175944,0.028157029576810932,0.04331636260594129,0.10856832108521483,0.11470776072424382,0.009351542568199717,0.02075941303009835,0.0,0.020995493600894474,0.015347228290080502
FairPCA_AA,3.0,0.6912178186924638,0.63752,0.2884782609913323,0.050869090341706925,0.18182487309644668,0.17249999999999996,0.13666831064741644,0.03648132171165934,0.5,0.5108553737284387,0.039636784561844565,0.03042162186985117,0.03560561753431611,0.025255075145234205,0.04212992143173278,0.11009368146024306,0.11718634258687695,0.00891393602132801,0.021412108578660796,0.0,0.018754511753104768,0.014750953549617928
FairPCA_AA,10.0,0.6909673896083632,0.6384000000000001,0.2880191441633673,0.05087221095334682,0.17611252115059217,0.1671666666666666,0.13671514564007933,0.03682420516590766,0.5,0.5093339230429014,0.040300310324446594,0.030892230042564906,0.03231098884280704,0.024474056943928218,0.04100880480929849,0.10461346612319279,0.11246347143587292,0.010034257397119835,0.022856747532930426,0.0,0.020449355680820788,0.016272623966148363
FairPCA_AA,30.0,0.6918856295833983,0.6408799999999999,0.28860032367301536,0.047598689343111206,0.17681302876480537,0.17116666666666663,0.13774499550133595,0.03738661879883352,0.5,0.5069509066784609,0.040012956169303615,0.03057896297101129,0.02871747435505664,0.025690081288267334,0.039968038392658535,0.10800030103907743,0.11357460021860001,0.009301673486788401,0.02304341631029234,0.0,0.01727811460083677,0.015590597717066654
FairPCA_AA,100.0,0.6926556405055391,0.63984,0.2892387315730422,0.05098455297238255,0.17778426395939081,0.17099999999999999,0.13771278653329075,0.037693849539230696,0.5,0.5107757629367536,0.04104449397596843,0.030515618100901296,0.02813609781046408,0.024713829285777422,0.042603921838493965,0.10943328487031333,0.1151782535576599,0.010010274925300744,0.023809197642177066,0.0,0.02120987020809604,0.01711531426884173
